Workbook

Sheet MB
B1: Gatunek | C1: Nastrój | D1: Instrument | E1: Zastosowanie | F1: Spójność | G1: Melodyjność | H1: Oryginalność | I1: Autentyczność | J1: Klarowność | K1: Ocena ogólna | L1: SUMA
A2: [ACE-Step] Pathetic film music for orchestra, without choir, f-minor, 80 bpm, 100 seconds | N2: Skala 1-5
A3: Sample1 | B3: 3 | C3: 3 | D3: 2 | E3: 2 | F3: 2 | G3: 3 | H3: 2 | I3: 2 | J3: 3 | K3: 5 | L3: =SUM(B3:K3) -> 27 | N3: Ocena ogólna: 1-10
A4: Sample2 | B4: 3 | C4: 4 | D4: 3 | E4: 3 | F4: 3 | G4: 3 | H4: 3 | I4: 4 | J4: 4 | K4: 5 | L4: =SUM(B4:K4) -> 35
A5: Sample3 | B5: 2 | C5: 2 | D5: 4 | E5: 1 | F5: 1 | G5: 2 | H5: 2 | I5: 1 | J5: 3 | K5: 4 | L5: =SUM(B5:K5) -> 22
A6: Sample4 | B6: 3 | C6: 3 | D6: 4 | E6: 2 | F6: 2 | G6: 3 | H6: 2 | I6: 2 | J6: 3 | K6: 4 | L6: =SUM(B6:K6) -> 28
A7: Sample5 | B7: 4 | C7: 3 | D7: 4 | E7: 2 | F7: 2 | G7: 3 | H7: 2 | I7: 2 | J7: 3 | K7: 5 | L7: =SUM(B7:K7) -> 30
A8: [ACE-Step] Energetic techno, synthesizer, e-minor, 140 bpm, 100 seconds
A9: Sample1 | B9: 3 | C9: 3 | D9: 3 | E9: 2 | F9: 2 | G9: 2 | H9: 2 | I9: 2 | J9: 2 | K9: 3 | L9: =SUM(B9:K9) -> 24
A10: Sample2 | B10: 2 | C10: 2 | D10: 1 | E10: 1 | F10: 3 | G10: 3 | H10: 2 | I10: 3 | J10: 3 | K10: 4 | L10: =SUM(B10:K10) -> 24
A11: Sample3 | B11: 1 | C11: 2 | D11: 2 | E11: 1 | F11: 3 | G11: 3 | H11: 2 | I11: 3 | J11: 4 | K11: 5 | L11: =SUM(B11:K11) -> 26
A12: Sample4 | B12: 3 | C12: 3 | D12: 2 | E12: 1 | F12: 2 | G12: 2 | H12: 2 | I12: 2 | J12: 3 | K12: 4 | L12: =SUM(B12:K12) -> 24
A13: Sample5 | B13: 3 | C13: 3 | D13: 3 | E13: 2 | F13: 3 | G13: 3 | H13: 3 | I13: 3 | J13: 3 | K13: 5 | L13: =SUM(B13:K13) -> 31
A14: [ACE-Step] Relaxing lofi with piano, e-major, 100 bpm, 100 seconds
A15: Sample1 | B15: 1 | C15: 3 | D15: 4 | E15: 2 | F15: 3 | G15: 3 | H15: 2 | I15: 3 | J15: 4 | K15: 4 | L15: =SUM(B15:K15) -> 29
A16: Sample2 | B16: 4 | C16: 4 | D16: 4 | E16: 3 | F16: 3 | G16: 3 | H16: 2 | I16: 2 | J16: 3 | K16: 6 | L16: =SUM(B16:K16) -> 34
A17: Sample3 | B17: 1 | C17: 2 | D17: 3 | E17: 1 | F17: 2 | G17: 2 | H17: 2 | I17: 2 | J17: 2 | K17: 3 | L17: =SUM(B17:K17) -> 20
A18: Sample4 | B18: 3 | C18: 2 | D18: 3 | E18: 1 | F18: 2 | G18: 2 | H18: 2 | I18: 2 | J18: 3 | K18: 3 | L18: =SUM(B18:K18) -> 23
A19: Sample5 | B19: 1 | C19: 3 | D19: 3 | E19: 2 | F19: 3 | G19: 2 | H19: 2 | I19: 2 | J19: 3 | K19: 4 | L19: =SUM(B19:K19) -> 25
A20: [DiffRhythm] Pathetic film music for orchestra, without choir, f-minor, 80 bpm, 100 seconds
A21: Sample1 | B21: 2 | C21: 1 | D21: 2 | E21: 1 | F21: 2 | G21: 2 | H21: 3 | I21: 2 | J21: 2 | K21: 2 | L21: =SUM(B21:K21) -> 19
A22: Sample2 | B22: 2 | C22: 1 | D22: 2 | E22: 1 | F22: 2 | G22: 3 | H22: 2 | I22: 2 | J22: 2 | K22: 3 | L22: =SUM(B22:K22) -> 20
A23: Sample3 | B23: 2 | C23: 2 | D23: 3 | E23: 2 | F23: 3 | G23: 2 | H23: 2 | I23: 2 | J23: 2 | K23: 3 | L23: =SUM(B23:K23) -> 23
A24: Sample4 | B24: 3 | C24: 3 | D24: 3 | E24: 3 | F24: 2 | G24: 3 | H24: 2 | I24: 2 | J24: 2 | K24: 4 | L24: =SUM(B24:K24) -> 27
A25: Sample5 | B25: 3 | C25: 2 | D25: 3 | E25: 2 | F25: 2 | G25: 2 | H25: 2 | I25: 2 | J25: 2 | K25: 3 | L25: =SUM(B25:K25) -> 23
A26: [DiffRhythm] Energetic techno, synthesizer, e-minor, 140 bpm, 100 seconds
A27: Sample1 | B27: 2 | C27: 2 | D27: 2 | E27: 2 | F27: 2 | G27: 2 | H27: 2 | I27: 2 | J27: 3 | K27: 3 | L27: =SUM(B27:K27) -> 22
A28: Sample2 | B28: 2 | C28: 3 | D28: 2 | E28: 2 | F28: 2 | G28: 2 | H28: 2 | I28: 3 | J28: 3 | K28: 4 | L28: =SUM(B28:K28) -> 25
A29: Sample3 | B29: 1 | C29: 2 | D29: 1 | E29: 2 | F29: 3 | G29: 3 | H29: 3 | I29: 3 | J29: 2 | K29: 4 | L29: =SUM(B29:K29) -> 24
A30: Sample4 | B30: 2 | C30: 3 | D30: 1 | E30: 2 | F30: 3 | G30: 2 | H30: 2 | I30: 3 | J30: 3 | K30: 3 | L30: =SUM(B30:K30) -> 24
A31: Sample5 | B31: 3 | C31: 3 | D31: 3 | E31: 3 | F31: 2 | G31: 3 | H31: 2 | I31: 2 | J31: 3 | K31: 5 | L31: =SUM(B31:K31) -> 29
A32: [DiffRhythm] Relaxing lofi with piano, e-major, 100 bpm, 100 seconds
A33: Sample1 | B33: 2 | C33: 2 | D33: 4 | E33: 3 | F33: 3 | G33: 2 | H33: 3 | I33: 2 | J33: 3 | K33: 3 | L33: =SUM(B33:K33) -> 27
A34: Sample2 | B34: 1 | C34: 1 | D34: 1 | E34: 1 | F34: 3 | G34: 2 | H34: 2 | I34: 3 | J34: 3 | K34: 3 | L34: =SUM(B34:K34) -> 20
A35: Sample3 | B35: 4 | C35: 3 | D35: 3 | E35: 4 | F35: 3 | G35: 3 | H35: 2 | I35: 3 | J35: 3 | K35: 5 | L35: =SUM(B35:K35) -> 33
A36: Sample4 | B36: 2 | C36: 2 | D36: 2 | E36: 2 | F36: 2 | G36: 2 | H36: 2 | I36: 2 | J36: 2 | K36: 3 | L36: =SUM(B36:K36) -> 21
A37: Sample5 | B37: 3 | C37: 2 | D37: 3 | E37: 2 | F37: 3 | G37: 3 | H37: 2 | I37: 2 | J37: 3 | K37: 4 | L37: =SUM(B37:K37) -> 27
A38: [Stable Audio] Pathetic film music for orchestra, without choir, f-minor, 80 bpm, 100 seconds
A39: Sample1 | B39: 4 | C39: 4 | D39: 2 | E39: 4 | F39: 4 | G39: 3 | H39: 2 | I39: 4 | J39: 4 | K39: 6 | L39: =SUM(B39:K39) -> 37
A40: Sample2 | B40: 4 | C40: 3 | D40: 4 | E40: 4 | F40: 4 | G40: 3 | H40: 2 | I40: 3 | J40: 4 | K40: 6 | L40: =SUM(B40:K40) -> 37
A41: Sample3 | B41: 4 | C41: 3 | D41: 4 | E41: 4 | F41: 3 | G41: 3 | H41: 2 | I41: 3 | J41: 4 | K41: 6 | L41: =SUM(B41:K41) -> 36
A42: Sample4 | B42: 4 | C42: 4 | D42: 4 | E42: 4 | F42: 4 | G42: 3 | H42: 2 | I42: 3 | J42: 4 | K42: 7 | L42: =SUM(B42:K42) -> 39
A43: Sample5 | B43: 4 | C43: 4 | D43: 2 | E43: 4 | F43: 4 | G43: 3 | H43: 2 | I43: 3 | J43: 4 | K43: 5 | L43: =SUM(B43:K43) -> 35
A44: [Stable Audio] Energetic techno, synthesizer, e-minor, 140 bpm, 100 seconds
A45: Sample1 | B45: 4 | C45: 3 | D45: 3 | E45: 3 | F45: 4 | G45: 3 | H45: 3 | I45: 4 | J45: 3 | K45: 5 | L45: =SUM(B45:K45) -> 35
A46: Sample2 | B46: 4 | C46: 4 | D46: 4 | E46: 3 | F46: 4 | G46: 3 | H46: 3 | I46: 3 | J46: 3 | K46: 5 | L46: =SUM(B46:K46) -> 36
A47: Sample3 | B47: 4 | C47: 3 | D47: 5 | E47: 3 | F47: 4 | G47: 4 | H47: 3 | I47: 3 | J47: 2 | K47: 6 | L47: =SUM(B47:K47) -> 37
A48: Sample4 | B48: 4 | C48: 3 | D48: 4 | E48: 3 | F48: 4 | G48: 4 | H48: 2 | I48: 2 | J48: 2 | K48: 5 | L48: =SUM(B48:K48) -> 33
A49: Sample5 | B49: 4 | C49: 4 | D49: 5 | E49: 4 | F49: 4 | G49: 3 | H49: 3 | I49: 3 | J49: 3 | K49: 6 | L49: =SUM(B49:K49) -> 39
A50: [Stable Audio] Relaxing lofi with piano, e-major, 100 bpm, 100 seconds
A51: Sample1 | B51: 2 | C51: 2 | D51: 5 | E51: 2 | F51: 4 | G51: 2 | H51: 2 | I51: 3 | J51: 3 | K51: 3 | L51: =SUM(B51:K51) -> 28
A52: Sample2 | B52: 4 | C52: 4 | D52: 5 | E52: 4 | F52: 4 | G52: 3 | H52: 2 | I52: 3 | J52: 3 | K52: 5 | L52: =SUM(B52:K52) -> 37
A53: Sample3 | B53: 4 | C53: 5 | D53: 4 | E53: 4 | F53: 4 | G53: 2 | H53: 2 | I53: 4 | J53: 4 | K53: 6 | L53: =SUM(B53:K53) -> 39
A54: Sample4 | B54: 3 | C54: 4 | D54: 4 | E54: 3 | F54: 4 | G54: 3 | H54: 2 | I54: 4 | J54: 4 | K54: 5 | L54: =SUM(B54:K54) -> 36
A55: Sample5 | B55: 4 | C55: 4 | D55: 5 | E55: 4 | F55: 4 | G55: 3 | H55: 2 | I55: 4 | J55: 3 | K55: 6 | L55: =SUM(B55:K55) -> 39
A56: [SunoAI] Pathetic film music for orchestra, without choir, f-minor, 80 bpm, 100 seconds
A57: Sample1 | B57: 3 | C57: 4 | D57: 4 | E57: 4 | F57: 4 | G57: 3 | H57: 2 | I57: 3 | J57: 4 | K57: 5 | L57: =SUM(B57:K57) -> 36
A58: Sample2 | B58: 4 | C58: 3 | D58: 4 | E58: 4 | F58: 4 | G58: 4 | H58: 2 | I58: 3 | J58: 4 | K58: 5 | L58: =SUM(B58:K58) -> 37
A59: Sample3 | B59: 4 | C59: 3 | D59: 4 | E59: 4 | F59: 4 | G59: 3 | H59: 2 | I59: 3 | J59: 4 | K59: 5 | L59: =SUM(B59:K59) -> 36
A60: Sample4 | B60: 4 | C60: 4 | D60: 5 | E60: 4 | F60: 4 | G60: 3 | H60: 3 | I60: 4 | J60: 4 | K60: 6 | L60: =SUM(B60:K60) -> 41
A61: Sample5 | B61: 4 | C61: 4 | D61: 2 | E61: 4 | F61: 4 | G61: 3 | H61: 2 | I61: 4 | J61: 4 | K61: 5 | L61: =SUM(B61:K61) -> 36
A62: [SunoAI] Energetic techno, synthesizer, e-minor, 140 bpm, 100 seconds
A63: Sample1 | B63: 3 | C63: 4 | D63: 4 | E63: 3 | F63: 4 | G63: 3 | H63: 3 | I63: 2 | J63: 3 | K63: 4 | L63: =SUM(B63:K63) -> 33
A64: Sample2 | B64: 3 | C64: 3 | D64: 3 | E64: 3 | F64: 4 | G64: 2 | H64: 3 | I64: 2 | J64: 3 | K64: 4 | L64: =SUM(B64:K64) -> 30
A65: Sample3 | B65: 3 | C65: 2 | D65: 4 | E65: 3 | F65: 4 | G65: 3 | H65: 2 | I65: 3 | J65: 3 | K65: 4 | L65: =SUM(B65:K65) -> 31
A66: Sample4 | B66: 4 | C66: 3 | D66: 4 | E66: 2 | F66: 4 | G66: 3 | H66: 3 | I66: 3 | J66: 3 | K66: 5 | L66: =SUM(B66:K66) -> 34
A67: Sample5 | B67: 3 | C67: 3 | D67: 4 | E67: 2 | F67: 3 | G67: 3 | H67: 3 | I67: 4 | J67: 3 | K67: 4 | L67: =SUM(B67:K67) -> 32
A68: [SunoAI] Relaxing lofi with piano, e-major, 100 bpm, 100 seconds
A69: Sample1 | B69: 4 | C69: 4 | D69: 5 | E69: 4 | F69: 4 | G69: 3 | H69: 2 | I69: 4 | J69: 4 | K69: 4 | L69: =SUM(B69:K69) -> 38
A70: Sample2 | B70: 4 | C70: 4 | D70: 5 | E70: 5 | F70: 4 | G70: 3 | H70: 3 | I70: 3 | J70: 4 | K70: 4 | L70: =SUM(B70:K70) -> 39
A71: Sample3 | B71: 4 | C71: 3 | D71: 4 | E71: 4 | F71: 4 | G71: 2 | H71: 2 | I71: 2 | J71: 3 | K71: 3 | L71: =SUM(B71:K71) -> 31
A72: Sample4 | B72: 4 | C72: 4 | D72: 4 | E72: 4 | F72: 4 | G72: 2 | H72: 2 | I72: 4 | J72: 4 | K72: 5 | L72: =SUM(B72:K72) -> 37
A73: Sample5 | B73: 4 | C73: 4 | D73: 4 | E73: 4 | F73: 3 | G73: 2 | H73: 2 | I73: 4 | J73: 4 | K73: 5 | L73: =SUM(B73:K73) -> 36

Sheet JW
B1: Gatunek | C1: Nastrój | D1: Instrument | E1: Zastosowanie | F1: Spójność | G1: Melodyjność | H1: Oryginalność | I1: Autentyczność | J1: Klarowność | K1: Ocena ogólna | L1: SUMA
A2: [ACE-Step] Pathetic film music for orchestra, without choir, f-minor, 80 bpm, 100 seconds | N2: Skala 1-5
A3: Sample1 | B3: 2 | C3: 2 | D3: 1 | E3: 2 | F3: 1 | G3: 2 | H3: 2 | I3: 1 | J3: 1 | K3: 2 | L3: =SUM(B3:K3) -> 16 | N3: Ocena ogólna: 1-10
A4: Sample2 | B4: 3 | C4: 2 | D4: 2 | E4: 2 | F4: 3 | G4: 2 | H4: 2 | I4: 3 | J4: 2 | K4: 3 | L4: =SUM(B4:K4) -> 24
A5: Sample3 | B5: 4 | C5: 3 | D5: 4 | E5: 4 | F5: 3 | G5: 4 | H5: 3 | I5: 4 | J5: 3 | K5: 5 | L5: =SUM(B5:K5) -> 37
A6: Sample4 | B6: 3 | C6: 2 | D6: 2 | E6: 2 | F6: 3 | G6: 2 | H6: 3 | I6: 2 | J6: 2 | K6: 4 | L6: =SUM(B6:K6) -> 25
A7: Sample5 | B7: 3 | C7: 2 | D7: 3 | E7: 3 | F7: 2 | G7: 3 | H7: 2 | I7: 2 | J7: 2 | K7: 4 | L7: =SUM(B7:K7) -> 26
A8: [ACE-Step] Energetic techno, synthesizer, e-minor, 140 bpm, 100 seconds
A9: Sample1 | B9: 3 | C9: 3 | D9: 3 | E9: 3 | F9: 2 | G9: 2 | H9: 2 | I9: 2 | J9: 2 | K9: 5 | L9: =SUM(B9:K9) -> 27
A10: Sample2 | B10: 2 | C10: 3 | D10: 3 | E10: 2 | F10: 2 | G10: 2 | H10: 2 | I10: 3 | J10: 2 | K10: 5 | L10: =SUM(B10:K10) -> 26
A11: Sample3 | B11: 1 | C11: 2 | D11: 2 | E11: 2 | F11: 3 | G11: 3 | H11: 3 | I11: 2 | J11: 2 | K11: 4 | L11: =SUM(B11:K11) -> 24
A12: Sample4 | B12: 2 | C12: 2 | D12: 2 | E12: 2 | F12: 4 | G12: 4 | H12: 3 | I12: 3 | J12: 3 | K12: 5 | L12: =SUM(B12:K12) -> 30
A13: Sample5 | B13: 3 | C13: 3 | D13: 3 | E13: 2 | F13: 3 | G13: 2 | H13: 2 | I13: 3 | J13: 2 | K13: 4 | L13: =SUM(B13:K13) -> 27
A14: [ACE-Step] Relaxing lofi with piano, e-major, 100 bpm, 100 seconds
A15: Sample1 | B15: 1 | C15: 2 | D15: 2 | E15: 2 | F15: 2 | G15: 3 | H15: 2 | I15: 1 | J15: 2 | K15: 3 | L15: =SUM(B15:K15) -> 20
A16: Sample2 | B16: 4 | C16: 4 | D16: 3 | E16: 3 | F16: 3 | G16: 3 | H16: 3 | I16: 2 | J16: 2 | K16: 5 | L16: =SUM(B16:K16) -> 32
A17: Sample3 | B17: 1 | C17: 1 | D17: 2 | E17: 1 | F17: 2 | G17: 2 | H17: 2 | I17: 1 | J17: 2 | K17: 2 | L17: =SUM(B17:K17) -> 16
A18: Sample4 | B18: 4 | C18: 2 | D18: 3 | E18: 2 | F18: 1 | G18: 2 | H18: 2 | I18: 1 | J18: 1 | K18: 2 | L18: =SUM(B18:K18) -> 20
A19: Sample5 | B19: 1 | C19: 2 | D19: 1 | E19: 2 | F19: 2 | G19: 2 | H19: 2 | I19: 1 | J19: 2 | K19: 3 | L19: =SUM(B19:K19) -> 18
A20: [DiffRhythm] Pathetic film music for orchestra, without choir, f-minor, 80 bpm, 100 seconds
A21: Sample1 | B21: 1 | C21: 1 | D21: 1 | E21: 2 | F21: 2 | G21: 2 | H21: 2 | I21: 1 | J21: 1 | K21: 2 | L21: =SUM(B21:K21) -> 15
A22: Sample2 | B22: 1 | C22: 1 | D22: 1 | E22: 1 | F22: 2 | G22: 2 | H22: 2 | I22: 1 | J22: 1 | K22: 2 | L22: =SUM(B22:K22) -> 14
A23: Sample3 | B23: 2 | C23: 3 | D23: 1 | E23: 2 | F23: 2 | G23: 1 | H23: 2 | I23: 1 | J23: 2 | K23: 2 | L23: =SUM(B23:K23) -> 18
A24: Sample4 | B24: 2 | C24: 2 | D24: 1 | E24: 2 | F24: 1 | G24: 1 | H24: 2 | I24: 1 | J24: 1 | K24: 2 | L24: =SUM(B24:K24) -> 15
A25: Sample5 | B25: 3 | C25: 3 | D25: 3 | E25: 3 | F25: 3 | G25: 3 | H25: 3 | I25: 2 | J25: 3 | K25: 5 | L25: =SUM(B25:K25) -> 31
A26: [DiffRhythm] Energetic techno, synthesizer, e-minor, 140 bpm, 100 seconds
A27: Sample1 | B27: 2 | C27: 2 | D27: 2 | E27: 2 | F27: 1 | G27: 2 | H27: 1 | I27: 2 | J27: 2 | K27: 3 | L27: =SUM(B27:K27) -> 19
A28: Sample2 | B28: 2 | C28: 3 | D28: 2 | E28: 3 | F28: 2 | G28: 2 | H28: 2 | I28: 2 | J28: 2 | K28: 3 | L28: =SUM(B28:K28) -> 23
A29: Sample3 | B29: 1 | C29: 2 | D29: 1 | E29: 1 | F29: 2 | G29: 2 | H29: 2 | I29: 2 | J29: 2 | K29: 2 | L29: =SUM(B29:K29) -> 17
A30: Sample4 | B30: 3 | C30: 2 | D30: 1 | E30: 2 | F30: 2 | G30: 1 | H30: 2 | I30: 2 | J30: 1 | K30: 3 | L30: =SUM(B30:K30) -> 19
A31: Sample5 | B31: 3 | C31: 2 | D31: 3 | E31: 3 | F31: 3 | G31: 2 | H31: 2 | I31: 3 | J31: 3 | K31: 5 | L31: =SUM(B31:K31) -> 29
A32: [DiffRhythm] Relaxing lofi with piano, e-major, 100 bpm, 100 seconds
A33: Sample1 | B33: 1 | C33: 2 | D33: 3 | E33: 2 | F33: 3 | G33: 3 | H33: 2 | I33: 1 | J33: 2 | K33: 3 | L33: =SUM(B33:K33) -> 22
A34: Sample2 | B34: 1 | C34: 1 | D34: 1 | E34: 1 | F34: 2 | G34: 2 | H34: 2 | I34: 1 | J34: 2 | K34: 1 | L34: =SUM(B34:K34) -> 14
A35: Sample3 | B35: 5 | C35: 5 | D35: 4 | E35: 4 | F35: 5 | G35: 4 | H35: 3 | I35: 2 | J35: 3 | K35: 8 | L35: =SUM(B35:K35) -> 43
A36: Sample4 | B36: 1 | C36: 1 | D36: 1 | E36: 1 | F36: 2 | G36: 2 | H36: 3 | I36: 2 | J36: 2 | K36: 1 | L36: =SUM(B36:K36) -> 16
A37: Sample5 | B37: 3 | C37: 3 | D37: 2 | E37: 2 | F37: 3 | G37: 3 | H37: 2 | I37: 1 | J37: 2 | K37: 4 | L37: =SUM(B37:K37) -> 25
A38: [Stable Audio] Pathetic film music for orchestra, without choir, f-minor, 80 bpm, 100 seconds
A39: Sample1 | B39: 5 | C39: 5 | D39: 2 | E39: 5 | F39: 4 | G39: 4 | H39: 4 | I39: 4 | J39: 4 | K39: 7 | L39: =SUM(B39:K39) -> 44
A40: Sample2 | B40: 4 | C40: 4 | D40: 4 | E40: 4 | F40: 4 | G40: 5 | H40: 4 | I40: 3 | J40: 4 | K40: 7 | L40: =SUM(B40:K40) -> 43
A41: Sample3 | B41: 4 | C41: 4 | D41: 4 | E41: 4 | F41: 4 | G41: 4 | H41: 3 | I41: 2 | J41: 3 | K41: 6 | L41: =SUM(B41:K41) -> 38
A42: Sample4 | B42: 4 | C42: 5 | D42: 4 | E42: 4 | F42: 4 | G42: 5 | H42: 4 | I42: 3 | J42: 2 | K42: 7 | L42: =SUM(B42:K42) -> 42
A43: Sample5 | B43: 4 | C43: 4 | D43: 2 | E43: 4 | F43: 4 | G43: 4 | H43: 4 | I43: 3 | J43: 4 | K43: 6 | L43: =SUM(B43:K43) -> 39
A44: [Stable Audio] Energetic techno, synthesizer, e-minor, 140 bpm, 100 seconds
A45: Sample1 | B45: 4 | C45: 4 | D45: 3 | E45: 4 | F45: 4 | G45: 4 | H45: 4 | I45: 4 | J45: 4 | K45: 7 | L45: =SUM(B45:K45) -> 42
A46: Sample2 | B46: 4 | C46: 4 | D46: 4 | E46: 3 | F46: 3 | G46: 4 | H46: 3 | I46: 4 | J46: 5 | K46: 6 | L46: =SUM(B46:K46) -> 40
A47: Sample3 | B47: 4 | C47: 5 | D47: 5 | E47: 4 | F47: 5 | G47: 5 | H47: 4 | I47: 5 | J47: 4 | K47: 8 | L47: =SUM(B47:K47) -> 49
A48: Sample4 | B48: 3 | C48: 4 | D48: 4 | E48: 3 | F48: 4 | G48: 3 | H48: 3 | I48: 4 | J48: 3 | K48: 6 | L48: =SUM(B48:K48) -> 37
A49: Sample5 | B49: 4 | C49: 5 | D49: 4 | E49: 4 | F49: 4 | G49: 4 | H49: 3 | I49: 4 | J49: 3 | K49: 7 | L49: =SUM(B49:K49) -> 42
A50: [Stable Audio] Relaxing lofi with piano, e-major, 100 bpm, 100 seconds
A51: Sample1 | B51: 2 | C51: 2 | D51: 2 | E51: 1 | F51: 2 | G51: 2 | H51: 3 | I51: 1 | J51: 2 | K51: 3 | L51: =SUM(B51:K51) -> 20
A52: Sample2 | B52: 4 | C52: 4 | D52: 4 | E52: 4 | F52: 3 | G52: 3 | H52: 3 | I52: 3 | J52: 3 | K52: 6 | L52: =SUM(B52:K52) -> 37
A53: Sample3 | B53: 4 | C53: 4 | D53: 2 | E53: 4 | F53: 4 | G53: 3 | H53: 3 | I53: 3 | J53: 3 | K53: 6 | L53: =SUM(B53:K53) -> 36
A54: Sample4 | B54: 3 | C54: 4 | D54: 4 | E54: 3 | F54: 4 | G54: 3 | H54: 3 | I54: 3 | J54: 3 | K54: 6 | L54: =SUM(B54:K54) -> 36
A55: Sample5 | B55: 5 | C55: 5 | D55: 4 | E55: 5 | F55: 4 | G55: 4 | H55: 5 | I55: 3 | J55: 4 | K55: 8 | L55: =SUM(B55:K55) -> 47
A56: [SunoAI] Pathetic film music for orchestra, without choir, f-minor, 80 bpm, 100 seconds
A57: Sample1 | B57: 4 | C57: 3 | D57: 4 | E57: 4 | F57: 5 | G57: 5 | H57: 4 | I57: 4 | J57: 4 | K57: 8 | L57: =SUM(B57:K57) -> 45
A58: Sample2 | B58: 4 | C58: 3 | D58: 4 | E58: 4 | F58: 4 | G58: 4 | H58: 4 | I58: 3 | J58: 3 | K58: 7 | L58: =SUM(B58:K58) -> 40
A59: Sample3 | B59: 4 | C59: 3 | D59: 4 | E59: 4 | F59: 4 | G59: 5 | H59: 3 | I59: 3 | J59: 4 | K59: 7 | L59: =SUM(B59:K59) -> 41
A60: Sample4 | B60: 4 | C60: 4 | D60: 3 | E60: 4 | F60: 4 | G60: 4 | H60: 3 | I60: 3 | J60: 4 | K60: 7 | L60: =SUM(B60:K60) -> 40
A61: Sample5 | B61: 5 | C61: 4 | D61: 2 | E61: 4 | F61: 4 | G61: 5 | H61: 4 | I61: 4 | J61: 4 | K61: 8 | L61: =SUM(B61:K61) -> 44
A62: [SunoAI] Energetic techno, synthesizer, e-minor, 140 bpm, 100 seconds
A63: Sample1 | B63: 3 | C63: 4 | D63: 4 | E63: 4 | F63: 4 | G63: 4 | H63: 3 | I63: 3 | J63: 5 | K63: 7 | L63: =SUM(B63:K63) -> 41
A64: Sample2 | B64: 3 | C64: 3 | D64: 4 | E64: 3 | F64: 4 | G64: 4 | H64: 3 | I64: 3 | J64: 4 | K64: 5 | L64: =SUM(B64:K64) -> 36
A65: Sample3 | B65: 3 | C65: 3 | D65: 3 | E65: 3 | F65: 4 | G65: 3 | H65: 3 | I65: 3 | J65: 3 | K65: 4 | L65: =SUM(B65:K65) -> 32
A66: Sample4 | B66: 4 | C66: 4 | D66: 4 | E66: 4 | F66: 3 | G66: 4 | H66: 4 | I66: 4 | J66: 4 | K66: 7 | L66: =SUM(B66:K66) -> 42
A67: Sample5 | B67: 3 | C67: 2 | D67: 4 | E67: 2 | F67: 4 | G67: 5 | H67: 4 | I67: 4 | J67: 4 | K67: 6 | L67: =SUM(B67:K67) -> 38
A68: [SunoAI] Relaxing lofi with piano, e-major, 100 bpm, 100 seconds
A69: Sample1 | B69: 4 | C69: 3 | D69: 4 | E69: 3 | F69: 4 | G69: 5 | H69: 3 | I69: 3 | J69: 3 | K69: 6 | L69: =SUM(B69:K69) -> 38
A70: Sample2 | B70: 4 | C70: 4 | D70: 4 | E70: 3 | F70: 4 | G70: 4 | H70: 3 | I70: 3 | J70: 3 | K70: 6 | L70: =SUM(B70:K70) -> 38
A71: Sample3 | B71: 3 | C71: 4 | D71: 3 | E71: 3 | F71: 4 | G71: 4 | H71: 4 | I71: 3 | J71: 3 | K71: 5 | L71: =SUM(B71:K71) -> 36
A72: Sample4 | B72: 3 | C72: 3 | D72: 3 | E72: 3 | F72: 4 | G72: 4 | H72: 4 | I72: 3 | J72: 3 | K72: 5 | L72: =SUM(B72:K72) -> 35
A73: Sample5 | B73: 4 | C73: 4 | D73: 4 | E73: 4 | F73: 4 | G73: 4 | H73: 4 | I73: 4 | J73: 4 | K73: 8 | L73: =SUM(B73:K73) -> 44

Sheet SK
B1: Gatunek | C1: Nastrój | D1: Instrument | E1: Zastosowanie | F1: Spójność | G1: Melodyjność | H1: Oryginalność | I1: Autentyczność | J1: Klarowność | K1: Ocena ogólna | L1: SUMA
A2: [ACE-Step] Pathetic film music for orchestra, without choir, f-minor, 80 bpm, 100 seconds | N2: Skala 1-5
A3: Sample1 | B3: 4 | C3: 3 | D3: 3 | E3: 4 | F3: 5 | G3: 3 | H3: 4 | I3: 2 | J3: 4 | K3: 5 | L3: =SUM(B3:K3) -> 37 | N3: Ocena ogólna: 1-10
A4: Sample2 | B4: 5 | C4: 3 | D4: 3 | E4: 2 | F4: 4 | G4: 4 | H4: 3 | I4: 5 | J4: 4 | K4: 7 | L4: =SUM(B4:K4) -> 40
A5: Sample3 | B5: 5 | C5: 3 | D5: 4 | E5: 3 | F5: 4 | G5: 4 | H5: 5 | I5: 5 | J5: 3 | K5: 7 | L5: =SUM(B5:K5) -> 43
A6: Sample4 | B6: 5 | C6: 5 | D6: 3 | E6: 4 | F6: 4 | G6: 3 | H6: 4 | I6: 4 | J6: 4 | K6: 5 | L6: =SUM(B6:K6) -> 41
A7: Sample5 | B7: 4 | C7: 4 | D7: 4 | E7: 4 | F7: 4 | G7: 3 | H7: 5 | I7: 5 | J7: 2 | K7: 4 | L7: =SUM(B7:K7) -> 39
A8: [ACE-Step] Energetic techno, synthesizer, e-minor, 140 bpm, 100 seconds
A9: Sample1 | B9: 4 | C9: 3 | D9: 3 | E9: 4 | F9: 5 | G9: 4 | H9: 4 | I9: 5 | J9: 3 | K9: 5 | L9: =SUM(B9:K9) -> 40
A10: Sample2 | B10: 3 | C10: 3 | D10: 2 | E10: 3 | F10: 4 | G10: 4 | H10: 3 | I10: 4 | J10: 2 | K10: 4 | L10: =SUM(B10:K10) -> 32
A11: Sample3 | B11: 3 | C11: 2 | D11: 2 | E11: 2 | F11: 4 | G11: 4 | H11: 3 | I11: 3 | J11: 2 | K11: 4 | L11: =SUM(B11:K11) -> 29
A12: Sample4 | B12: 4 | C12: 4 | D12: 3 | E12: 3 | F12: 3 | G12: 2 | H12: 3 | I12: 3 | J12: 2 | K12: 5 | L12: =SUM(B12:K12) -> 32
A13: Sample5 | B13: 4 | C13: 4 | D13: 3 | E13: 4 | F13: 5 | G13: 4 | H13: 4 | I13: 5 | J13: 4 | K13: 7 | L13: =SUM(B13:K13) -> 44
A14: [ACE-Step] Relaxing lofi with piano, e-major, 100 bpm, 100 seconds
A15: Sample1 | B15: 3 | C15: 3 | D15: 4 | E15: 4 | F15: 5 | G15: 4 | H15: 2 | I15: 3 | J15: 4 | K15: 4 | L15: =SUM(B15:K15) -> 36
A16: Sample2 | B16: 5 | C16: 4 | D16: 3 | E16: 3 | F16: 2 | G16: 4 | H16: 4 | I16: 4 | J16: 3 | K16: 5 | L16: =SUM(B16:K16) -> 37
A17: Sample3 | B17: 2 | C17: 3 | D17: 4 | E17: 3 | F17: 4 | G17: 2 | H17: 2 | I17: 3 | J17: 4 | K17: 4 | L17: =SUM(B17:K17) -> 31
A18: Sample4 | B18: 4 | C18: 3 | D18: 2 | E18: 2 | F18: 4 | G18: 4 | H18: 3 | I18: 3 | J18: 4 | K18: 5 | L18: =SUM(B18:K18) -> 34
A19: Sample5 | B19: 1 | C19: 3 | D19: 4 | E19: 3 | F19: 5 | G19: 4 | H19: 5 | I19: 3 | J19: 4 | K19: 7 | L19: =SUM(B19:K19) -> 39
A20: [DiffRhythm] Pathetic film music for orchestra, without choir, f-minor, 80 bpm, 100 seconds
A21: Sample1 | B21: 1 | C21: 1 | D21: 3 | E21: 2 | F21: 4 | G21: 4 | H21: 4 | I21: 5 | J21: 3 | K21: 3 | L21: =SUM(B21:K21) -> 30
A22: Sample2 | B22: 2 | C22: 1 | D22: 2 | E22: 3 | F22: 4 | G22: 3 | H22: 4 | I22: 3 | J22: 3 | K22: 4 | L22: =SUM(B22:K22) -> 29
A23: Sample3 | B23: 4 | C23: 5 | D23: 4 | E23: 4 | F23: 5 | G23: 4 | H23: 3 | I23: 2 | J23: 3 | K23: 7 | L23: =SUM(B23:K23) -> 41
A24: Sample4 | B24: 5 | C24: 4 | D24: 4 | E24: 3 | F24: 4 | G24: 4 | H24: 5 | I24: 5 | J24: 4 | K24: 8 | L24: =SUM(B24:K24) -> 46
A25: Sample5 | B25: 3 | C25: 4 | D25: 4 | E25: 3 | F25: 4 | G25: 5 | H25: 3 | I25: 4 | J25: 4 | K25: 6 | L25: =SUM(B25:K25) -> 40
A26: [DiffRhythm] Energetic techno, synthesizer, e-minor, 140 bpm, 100 seconds
A27: Sample1 | B27: 4 | C27: 5 | D27: 3 | E27: 2 | F27: 4 | G27: 3 | H27: 4 | I27: 4 | J27: 4 | K27: 7 | L27: =SUM(B27:K27) -> 40
A28: Sample2 | B28: 5 | C28: 4 | D28: 3 | E28: 4 | F28: 5 | G28: 5 | H28: 4 | I28: 3 | J28: 3 | K28: 6 | L28: =SUM(B28:K28) -> 42
A29: Sample3 | B29: 2 | C29: 2 | D29: 1 | E29: 4 | F29: 4 | G29: 3 | H29: 2 | I29: 3 | J29: 4 | K29: 4 | L29: =SUM(B29:K29) -> 29
A30: Sample4 | B30: 4 | C30: 4 | D30: 2 | E30: 4 | F30: 5 | G30: 4 | H30: 4 | I30: 3 | J30: 2 | K30: 5 | L30: =SUM(B30:K30) -> 37
A31: Sample5 | B31: 5 | C31: 5 | D31: 4 | E31: 4 | F31: 3 | G31: 5 | H31: 4 | I31: 5 | J31: 3 | K31: 7 | L31: =SUM(B31:K31) -> 45
A32: [DiffRhythm] Relaxing lofi with piano, e-major, 100 bpm, 100 seconds
A33: Sample1 | B33: 2 | C33: 1 | D33: 3 | E33: 3 | F33: 4 | G33: 2 | H33: 4 | I33: 4 | J33: 3 | K33: 4 | L33: =SUM(B33:K33) -> 30
A34: Sample2 | B34: 1 | C34: 1 | D34: 2 | E34: 2 | F34: 4 | G34: 5 | H34: 4 | I34: 4 | J34: 3 | K34: 3 | L34: =SUM(B34:K34) -> 29
A35: Sample3 | B35: 5 | C35: 5 | D35: 4 | E35: 5 | F35: 5 | G35: 4 | H35: 3 | I35: 4 | J35: 3 | K35: 8 | L35: =SUM(B35:K35) -> 46
A36: Sample4 | B36: 3 | C36: 4 | D36: 4 | E36: 3 | F36: 4 | G36: 5 | H36: 4 | I36: 3 | J36: 4 | K36: 4 | L36: =SUM(B36:K36) -> 38
A37: Sample5 | B37: 5 | C37: 4 | D37: 4 | E37: 5 | F37: 5 | G37: 4 | H37: 3 | I37: 2 | J37: 4 | K37: 7 | L37: =SUM(B37:K37) -> 43
A38: [Stable Audio] Pathetic film music for orchestra, without choir, f-minor, 80 bpm, 100 seconds
A39: Sample1 | B39: 5 | C39: 5 | D39: 5 | E39: 4 | F39: 5 | G39: 5 | H39: 4 | I39: 4 | J39: 3 | K39: 8 | L39: =SUM(B39:K39) -> 48
A40: Sample2 | B40: 5 | C40: 5 | D40: 4 | E40: 5 | F40: 4 | G40: 3 | H40: 5 | I40: 5 | J40: 4 | K40: 9 | L40: =SUM(B40:K40) -> 49
A41: Sample3 | B41: 4 | C41: 5 | D41: 4 | E41: 4 | F41: 4 | G41: 5 | H41: 4 | I41: 5 | J41: 4 | K41: 8 | L41: =SUM(B41:K41) -> 47
A42: Sample4 | B42: 4 | C42: 5 | D42: 3 | E42: 5 | F42: 4 | G42: 5 | H42: 4 | I42: 4 | J42: 3 | K42: 7 | L42: =SUM(B42:K42) -> 44
A43: Sample5 | B43: 5 | C43: 4 | D43: 4 | E43: 5 | F43: 5 | G43: 4 | H43: 4 | I43: 3 | J43: 4 | K43: 7 | L43: =SUM(B43:K43) -> 45
A44: [Stable Audio] Energetic techno, synthesizer, e-minor, 140 bpm, 100 seconds
A45: Sample1 | B45: 5 | C45: 4 | D45: 3 | E45: 4 | F45: 5 | G45: 3 | H45: 4 | I45: 5 | J45: 4 | K45: 7 | L45: =SUM(B45:K45) -> 44
A46: Sample2 | B46: 5 | C46: 4 | D46: 3 | E46: 4 | F46: 5 | G46: 4 | H46: 3 | I46: 4 | J46: 4 | K46: 6 | L46: =SUM(B46:K46) -> 42
A47: Sample3 | B47: 4 | C47: 3 | D47: 4 | E47: 5 | F47: 4 | G47: 4 | H47: 5 | I47: 4 | J47: 3 | K47: 5 | L47: =SUM(B47:K47) -> 41
A48: Sample4 | B48: 5 | C48: 5 | D48: 5 | E48: 4 | F48: 4 | G48: 5 | H48: 4 | I48: 4 | J48: 5 | K48: 8 | L48: =SUM(B48:K48) -> 49
A49: Sample5 | B49: 4 | C49: 5 | D49: 4 | E49: 5 | F49: 4 | G49: 4 | H49: 5 | I49: 3 | J49: 4 | K49: 6 | L49: =SUM(B49:K49) -> 44
A50: [Stable Audio] Relaxing lofi with piano, e-major, 100 bpm, 100 seconds
A51: Sample1 | B51: 4 | C51: 5 | D51: 5 | E51: 4 | F51: 5 | G51: 4 | H51: 2 | I51: 3 | J51: 4 | K51: 7 | L51: =SUM(B51:K51) -> 43
A52: Sample2 | B52: 5 | C52: 4 | D52: 4 | E52: 5 | F52: 4 | G52: 3 | H52: 3 | I52: 4 | J52: 5 | K52: 6 | L52: =SUM(B52:K52) -> 43
A53: Sample3 | B53: 4 | C53: 5 | D53: 4 | E53: 4 | F53: 5 | G53: 4 | H53: 3 | I53: 3 | J53: 4 | K53: 6 | L53: =SUM(B53:K53) -> 42
A54: Sample4 | B54: 5 | C54: 5 | D54: 5 | E54: 4 | F54: 4 | G54: 5 | H54: 2 | I54: 3 | J54: 4 | K54: 8 | L54: =SUM(B54:K54) -> 45
A55: Sample5 | B55: 4 | C55: 5 | D55: 5 | E55: 5 | F55: 5 | G55: 4 | H55: 3 | I55: 4 | J55: 5 | K55: 7 | L55: =SUM(B55:K55) -> 47
A56: [SunoAI] Pathetic film music for orchestra, without choir, f-minor, 80 bpm, 100 seconds
A57: Sample1 | B57: 5 | C57: 4 | D57: 4 | E57: 5 | F57: 5 | G57: 4 | H57: 3 | I57: 4 | J57: 5 | K57: 8 | L57: =SUM(B57:K57) -> 47
A58: Sample2 | B58: 4 | C58: 5 | D58: 4 | E58: 4 | F58: 4 | G58: 4 | H58: 2 | I58: 3 | J58: 4 | K58: 7 | L58: =SUM(B58:K58) -> 41
A59: Sample3 | B59: 4 | C59: 4 | D59: 4 | E59: 5 | F59: 5 | G59: 4 | H59: 3 | I59: 4 | J59: 5 | K59: 7 | L59: =SUM(B59:K59) -> 45
A60: Sample4 | B60: 4 | C60: 5 | D60: 5 | E60: 4 | F60: 5 | G60: 4 | H60: 3 | I60: 3 | J60: 4 | K60: 6 | L60: =SUM(B60:K60) -> 43
A61: Sample5 | B61: 5 | C61: 5 | D61: 4 | E61: 5 | F61: 5 | G61: 4 | H61: 3 | I61: 5 | J61: 4 | K61: 8 | L61: =SUM(B61:K61) -> 48
A62: [SunoAI] Energetic techno, synthesizer, e-minor, 140 bpm, 100 seconds
A63: Sample1 | B63: 4 | C63: 5 | D63: 4 | E63: 4 | F63: 4 | G63: 5 | H63: 3 | I63: 4 | J63: 4 | K63: 7 | L63: =SUM(B63:K63) -> 44
A64: Sample2 | B64: 4 | C64: 5 | D64: 4 | E64: 3 | F64: 5 | G64: 4 | H64: 3 | I64: 2 | J64: 5 | K64: 6 | L64: =SUM(B64:K64) -> 41
A65: Sample3 | B65: 3 | C65: 4 | D65: 3 | E65: 4 | F65: 5 | G65: 4 | H65: 4 | I65: 3 | J65: 4 | K65: 4 | L65: =SUM(B65:K65) -> 38
A66: Sample4 | B66: 4 | C66: 4 | D66: 3 | E66: 4 | F66: 4 | G66: 4 | H66: 3 | I66: 3 | J66: 4 | K66: 5 | L66: =SUM(B66:K66) -> 38
A67: Sample5 | B67: 4 | C67: 3 | D67: 4 | E67: 3 | F67: 5 | G67: 3 | H67: 4 | I67: 4 | J67: 4 | K67: 5 | L67: =SUM(B67:K67) -> 39
A68: [SunoAI] Relaxing lofi with piano, e-major, 100 bpm, 100 seconds
A69: Sample1 | B69: 5 | C69: 4 | D69: 4 | E69: 4 | F69: 4 | G69: 4 | H69: 2 | I69: 4 | J69: 4 | K69: 5 | L69: =SUM(B69:K69) -> 40
A70: Sample2 | B70: 4 | C70: 4 | D70: 4 | E70: 5 | F70: 5 | G70: 3 | H70: 3 | I70: 3 | J70: 5 | K70: 6 | L70: =SUM(B70:K70) -> 42
A71: Sample3 | B71: 5 | C71: 5 | D71: 5 | E71: 4 | F71: 4 | G71: 4 | H71: 2 | I71: 3 | J71: 4 | K71: 4 | L71: =SUM(B71:K71) -> 40
A72: Sample4 | B72: 4 | C72: 5 | D72: 5 | E72: 5 | F72: 4 | G72: 2 | H72: 2 | I72: 4 | J72: 3 | K72: 7 | L72: =SUM(B72:K72) -> 41
A73: Sample5 | B73: 4 | C73: 5 | D73: 4 | E73: 4 | F73: 5 | G73: 3 | H73: 3 | I73: 4 | J73: 5 | K73: 6 | L73: =SUM(B73:K73) -> 43

Sheet SUMA
B1: SUMA
A2: [ACE-Step] Pathetic film music for orchestra, without choir, f-minor, 80 bpm, 100 seconds
A3: Sample1 | B3: =SUM(MB!L3,SK!L3,JW!L3) -> 80
A4: Sample2 | B4: =SUM(MB!L4,SK!L4,JW!L4) -> 99
A5: Sample3 | B5: =SUM(MB!L5,SK!L5,JW!L5) -> 102
A6: Sample4 | B6: =SUM(MB!L6,SK!L6,JW!L6) -> 94
A7: Sample5 | B7: =SUM(MB!L7,SK!L7,JW!L7) -> 95
A8: [ACE-Step] Energetic techno, synthesizer, e-minor, 140 bpm, 100 seconds
A9: Sample1 | B9: =SUM(MB!L9,SK!L9,JW!L9) -> 91
A10: Sample2 | B10: =SUM(MB!L10,SK!L10,JW!L10) -> 82
A11: Sample3 | B11: =SUM(MB!L11,SK!L11,JW!L11) -> 79
A12: Sample4 | B12: =SUM(MB!L12,SK!L12,JW!L12) -> 86
A13: Sample5 | B13: =SUM(MB!L13,SK!L13,JW!L13) -> 102
A14: [ACE-Step] Relaxing lofi with piano, e-major, 100 bpm, 100 seconds
A15: Sample1 | B15: =SUM(MB!L15,SK!L15,JW!L15) -> 85
A16: Sample2 | B16: =SUM(MB!L16,SK!L16,JW!L16) -> 103
A17: Sample3 | B17: =SUM(MB!L17,SK!L17,JW!L17) -> 67
A18: Sample4 | B18: =SUM(MB!L18,SK!L18,JW!L18) -> 77
A19: Sample5 | B19: =SUM(MB!L19,SK!L19,JW!L19) -> 82
A20: [DiffRhythm] Pathetic film music for orchestra, without choir, f-minor, 80 bpm, 100 seconds
A21: Sample1 | B21: =SUM(MB!L21,SK!L21,JW!L21) -> 64
A22: Sample2 | B22: =SUM(MB!L22,SK!L22,JW!L22) -> 63
A23: Sample3 | B23: =SUM(MB!L23,SK!L23,JW!L23) -> 82
A24: Sample4 | B24: =SUM(MB!L24,SK!L24,JW!L24) -> 88
A25: Sample5 | B25: =SUM(MB!L25,SK!L25,JW!L25) -> 94
A26: [DiffRhythm] Energetic techno, synthesizer, e-minor, 140 bpm, 100 seconds
A27: Sample1 | B27: =SUM(MB!L27,SK!L27,JW!L27) -> 81
A28: Sample2 | B28: =SUM(MB!L28,SK!L28,JW!L28) -> 90
A29: Sample3 | B29: =SUM(MB!L29,SK!L29,JW!L29) -> 70
A30: Sample4 | B30: =SUM(MB!L30,SK!L30,JW!L30) -> 80
A31: Sample5 | B31: =SUM(MB!L31,SK!L31,JW!L31) -> 103
A32: [DiffRhythm] Relaxing lofi with piano, e-major, 100 bpm, 100 seconds
A33: Sample1 | B33: =SUM(MB!L33,SK!L33,JW!L33) -> 79
A34: Sample2 | B34: =SUM(MB!L34,SK!L34,JW!L34) -> 63
A35: Sample3 | B35: =SUM(MB!L35,SK!L35,JW!L35) -> 122
A36: Sample4 | B36: =SUM(MB!L36,SK!L36,JW!L36) -> 75
A37: Sample5 | B37: =SUM(MB!L37,SK!L37,JW!L37) -> 95
A38: [Stable Audio] Pathetic film music for orchestra, without choir, f-minor, 80 bpm, 100 seconds
A39: Sample1 | B39: =SUM(MB!L39,SK!L39,JW!L39) -> 129
A40: Sample2 | B40: =SUM(MB!L40,SK!L40,JW!L40) -> 129
A41: Sample3 | B41: =SUM(MB!L41,SK!L41,JW!L41) -> 121
A42: Sample4 | B42: =SUM(MB!L42,SK!L42,JW!L42) -> 125
A43: Sample5 | B43: =SUM(MB!L43,SK!L43,JW!L43) -> 119
A44: [Stable Audio] Energetic techno, synthesizer, e-minor, 140 bpm, 100 seconds
A45: Sample1 | B45: =SUM(MB!L45,SK!L45,JW!L45) -> 121
A46: Sample2 | B46: =SUM(MB!L46,SK!L46,JW!L46) -> 118
A47: Sample3 | B47: =SUM(MB!L47,SK!L47,JW!L47) -> 127
A48: Sample4 | B48: =SUM(MB!L48,SK!L48,JW!L48) -> 119
A49: Sample5 | B49: =SUM(MB!L49,SK!L49,JW!L49) -> 125
A50: [Stable Audio] Relaxing lofi with piano, e-major, 100 bpm, 100 seconds
A51: Sample1 | B51: =SUM(MB!L51,SK!L51,JW!L51) -> 91
A52: Sample2 | B52: =SUM(MB!L52,SK!L52,JW!L52) -> 117
A53: Sample3 | B53: =SUM(MB!L53,SK!L53,JW!L53) -> 117
A54: Sample4 | B54: =SUM(MB!L54,SK!L54,JW!L54) -> 117
A55: Sample5 | B55: =SUM(MB!L55,SK!L55,JW!L55) -> 133
A56: [SunoAI] Pathetic film music for orchestra, without choir, f-minor, 80 bpm, 100 seconds
A57: Sample1 | B57: =SUM(MB!L57,SK!L57,JW!L57) -> 128
A58: Sample2 | B58: =SUM(MB!L58,SK!L58,JW!L58) -> 118
A59: Sample3 | B59: =SUM(MB!L59,SK!L59,JW!L59) -> 122
A60: Sample4 | B60: =SUM(MB!L60,SK!L60,JW!L60) -> 124
A61: Sample5 | B61: =SUM(MB!L61,SK!L61,JW!L61) -> 128
A62: [SunoAI] Energetic techno, synthesizer, e-minor, 140 bpm, 100 seconds
A63: Sample1 | B63: =SUM(MB!L63,SK!L63,JW!L63) -> 118
A64: Sample2 | B64: =SUM(MB!L64,SK!L64,JW!L64) -> 107
A65: Sample3 | B65: =SUM(MB!L65,SK!L65,JW!L65) -> 101
A66: Sample4 | B66: =SUM(MB!L66,SK!L66,JW!L66) -> 114
A67: Sample5 | B67: =SUM(MB!L67,SK!L67,JW!L67) -> 109
A68: [SunoAI] Relaxing lofi with piano, e-major, 100 bpm, 100 seconds
A69: Sample1 | B69: =SUM(MB!L69,SK!L69,JW!L69) -> 116
A70: Sample2 | B70: =SUM(MB!L70,SK!L70,JW!L70) -> 119
A71: Sample3 | B71: =SUM(MB!L71,SK!L71,JW!L71) -> 107
A72: Sample4 | B72: =SUM(MB!L72,SK!L72,JW!L72) -> 113
A73: Sample5 | B73: =SUM(MB!L73,SK!L73,JW!L73) -> 123

Sheet OCENA
B1: Ocena Jakościowa | C1: Ocena Ilościowa | D1: SUMA
A2: [ACE-Step] Pathetic film music for orchestra, without choir, f-minor, 80 bpm, 100 seconds | G2: Ocena jakościowa: 75%
A3: Sample1 | B3: =ROUND((SUMA!B3 - 10) * 75/155,0) -> 34 | C3: =ROUND(9 * 25/12, 0) -> 19 | D3: =SUM(B3,C3) -> 53 | G3: Ocena ilościowa: 25%
A4: Sample2 | B4: =ROUND((SUMA!B4 - 10) * 75/155,0) -> 43 | C4: =ROUND(9 * 25/12, 0) -> 19 | D4: =SUM(B4,C4) -> 62
A5: Sample3 | B5: =ROUND((SUMA!B5 - 10) * 75/155,0) -> 45 | C5: =ROUND(11 * 25/12, 0) -> 23 | D5: =SUM(B5,C5) -> 68
A6: Sample4 | B6: =ROUND((SUMA!B6 - 10) * 75/155,0) -> 41 | C6: =ROUND(11 * 25/12, 0) -> 23 | D6: =SUM(B6,C6) -> 64
A7: Sample5 | B7: =ROUND((SUMA!B7 - 10) * 75/155,0) -> 41 | C7: =ROUND(11 * 25/12, 0) -> 23 | D7: =SUM(B7,C7) -> 64
A8: [ACE-Step] Energetic techno, synthesizer, e-minor, 140 bpm, 100 seconds
A9: Sample1 | B9: =ROUND((SUMA!B9 - 10) * 75/155,0) -> 39 | C9: =ROUND(9 * 25/12, 0) -> 19 | D9: =SUM(B9,C9) -> 58
A10: Sample2 | B10: =ROUND((SUMA!B10 - 10) * 75/155,0) -> 35 | C10: =ROUND(8 * 25/12, 0) -> 17 | D10: =SUM(B10,C10) -> 52
A11: Sample3 | B11: =ROUND((SUMA!B11 - 10) * 75/155,0) -> 33 | C11: =ROUND(8 * 25/12, 0) -> 17 | D11: =SUM(B11,C11) -> 50
A12: Sample4 | B12: =ROUND((SUMA!B12 - 10) * 75/155,0) -> 37 | C12: =ROUND(9 * 25/12, 0) -> 19 | D12: =SUM(B12,C12) -> 56
A13: Sample5 | B13: =ROUND((SUMA!B13 - 10) * 75/155,0) -> 45 | C13: =ROUND(9 * 25/12, 0) -> 19 | D13: =SUM(B13,C13) -> 64
A14: [ACE-Step] Relaxing lofi with piano, e-major, 100 bpm, 100 seconds
A15: Sample1 | B15: =ROUND((SUMA!B15 - 10) * 75/155,0) -> 36 | C15: =ROUND(10 * 25/12, 0) -> 21 | D15: =SUM(B15,C15) -> 57
A16: Sample2 | B16: =ROUND((SUMA!B16 - 10) * 75/155,0) -> 45 | C16: =ROUND(9 * 25/12, 0) -> 19 | D16: =SUM(B16,C16) -> 64
A17: Sample3 | B17: =ROUND((SUMA!B17 - 10) * 75/155,0) -> 28 | C17: =ROUND(11 * 25/12, 0) -> 23 | D17: =SUM(B17,C17) -> 51
A18: Sample4 | B18: =ROUND((SUMA!B18 - 10) * 75/155,0) -> 32 | C18: =ROUND(9 * 25/12, 0) -> 19 | D18: =SUM(B18,C18) -> 51
A19: Sample5 | B19: =ROUND((SUMA!B19 - 10) * 75/155,0) -> 35 | C19: =ROUND(8 * 25/12, 0) -> 17 | D19: =SUM(B19,C19) -> 52
A20: [DiffRhythm] Pathetic film music for orchestra, without choir, f-minor, 80 bpm, 100 seconds
A21: Sample1 | B21: =ROUND((SUMA!B21 - 10) * 75/155,0) -> 26 | C21: =ROUND(12 * 25/12, 0) -> 25 | D21: =SUM(B21,C21) -> 51
A22: Sample2 | B22: =ROUND((SUMA!B22 - 10) * 75/155,0) -> 26 | C22: =ROUND(10 * 25/12, 0) -> 21 | D22: =SUM(B22,C22) -> 47
A23: Sample3 | B23: =ROUND((SUMA!B23 - 10) * 75/155,0) -> 35 | C23: =ROUND(11 * 25/12, 0) -> 23 | D23: =SUM(B23,C23) -> 58
A24: Sample4 | B24: =ROUND((SUMA!B24 - 10) * 75/155,0) -> 38 | C24: =ROUND(11 * 25/12, 0) -> 23 | D24: =SUM(B24,C24) -> 61
A25: Sample5 | B25: =ROUND((SUMA!B25 - 10) * 75/155,0) -> 41 | C25: =ROUND(11 * 25/12, 0) -> 23 | D25: =SUM(B25,C25) -> 64
A26: [DiffRhythm] Energetic techno, synthesizer, e-minor, 140 bpm, 100 seconds
A27: Sample1 | B27: =ROUND((SUMA!B27 - 10) * 75/155,0) -> 34 | C27: =ROUND(10 * 25/12, 0) -> 21 | D27: =SUM(B27,C27) -> 55
A28: Sample2 | B28: =ROUND((SUMA!B28 - 10) * 75/155,0) -> 39 | C28: =ROUND(9 * 25/12, 0) -> 19 | D28: =SUM(B28,C28) -> 58
A29: Sample3 | B29: =ROUND((SUMA!B29 - 10) * 75/155,0) -> 29 | C29: =ROUND(11 * 25/12, 0) -> 23 | D29: =SUM(B29,C29) -> 52
A30: Sample4 | B30: =ROUND((SUMA!B30 - 10) * 75/155,0) -> 34 | C30: =ROUND(9 * 25/12, 0) -> 19 | D30: =SUM(B30,C30) -> 53
A31: Sample5 | B31: =ROUND((SUMA!B31 - 10) * 75/155,0) -> 45 | C31: =ROUND(11 * 25/12, 0) -> 23 | D31: =SUM(B31,C31) -> 68
A32: [DiffRhythm] Relaxing lofi with piano, e-major, 100 bpm, 100 seconds
A33: Sample1 | B33: =ROUND((SUMA!B33 - 10) * 75/155,0) -> 33 | C33: =ROUND(11 * 25/12, 0) -> 23 | D33: =SUM(B33,C33) -> 56
A34: Sample2 | B34: =ROUND((SUMA!B34 - 10) * 75/155,0) -> 26 | C34: =ROUND(9 * 25/12, 0) -> 19 | D34: =SUM(B34,C34) -> 45
A35: Sample3 | B35: =ROUND((SUMA!B35 - 10) * 75/155,0) -> 54 | C35: =ROUND(11 * 25/12, 0) -> 23 | D35: =SUM(B35,C35) -> 77
A36: Sample4 | B36: =ROUND((SUMA!B36 - 10) * 75/155,0) -> 31 | C36: =ROUND(11 * 25/12, 0) -> 23 | D36: =SUM(B36,C36) -> 54
A37: Sample5 | B37: =ROUND((SUMA!B37 - 10) * 75/155,0) -> 41 | C37: =ROUND(8 * 25/12, 0) -> 17 | D37: =SUM(B37,C37) -> 58
A38: [Stable Audio] Pathetic film music for orchestra, without choir, f-minor, 80 bpm, 100 seconds
A39: Sample1 | B39: =ROUND((SUMA!B39 - 10) * 75/155,0) -> 58 | C39: =ROUND(12 * 25/12, 0) -> 25 | D39: =SUM(B39,C39) -> 83
A40: Sample2 | B40: =ROUND((SUMA!B40 - 10) * 75/155,0) -> 58 | C40: =ROUND(11 * 25/12, 0) -> 23 | D40: =SUM(B40,C40) -> 81
A41: Sample3 | B41: =ROUND((SUMA!B41 - 10) * 75/155,0) -> 54 | C41: =ROUND(12 * 25/12, 0) -> 25 | D41: =SUM(B41,C41) -> 79
A42: Sample4 | B42: =ROUND((SUMA!B42 - 10) * 75/155,0) -> 56 | C42: =ROUND(10 * 25/12, 0) -> 21 | D42: =SUM(B42,C42) -> 77
A43: Sample5 | B43: =ROUND((SUMA!B43 - 10) * 75/155,0) -> 53 | C43: =ROUND(12 * 25/12, 0) -> 25 | D43: =SUM(B43,C43) -> 78
A44: [Stable Audio] Energetic techno, synthesizer, e-minor, 140 bpm, 100 seconds
A45: Sample1 | B45: =ROUND((SUMA!B45 - 10) * 75/155,0) -> 54 | C45: =ROUND(10 * 25/12, 0) -> 21 | D45: =SUM(B45,C45) -> 75
A46: Sample2 | B46: =ROUND((SUMA!B46 - 10) * 75/155,0) -> 52 | C46: =ROUND(11 * 25/12, 0) -> 23 | D46: =SUM(B46,C46) -> 75
A47: Sample3 | B47: =ROUND((SUMA!B47 - 10) * 75/155,0) -> 57 | C47: =ROUND(10 * 25/12, 0) -> 21 | D47: =SUM(B47,C47) -> 78
A48: Sample4 | B48: =ROUND((SUMA!B48 - 10) * 75/155,0) -> 53 | C48: =ROUND(10 * 25/12, 0) -> 21 | D48: =SUM(B48,C48) -> 74
A49: Sample5 | B49: =ROUND((SUMA!B49 - 10) * 75/155,0) -> 56 | C49: =ROUND(10 * 25/12, 0) -> 21 | D49: =SUM(B49,C49) -> 77
A50: [Stable Audio] Relaxing lofi with piano, e-major, 100 bpm, 100 seconds
A51: Sample1 | B51: =ROUND((SUMA!B51 - 10) * 75/155,0) -> 39 | C51: =ROUND(9 * 25/12, 0) -> 19 | D51: =SUM(B51,C51) -> 58
A52: Sample2 | B52: =ROUND((SUMA!B52 - 10) * 75/155,0) -> 52 | C52: =ROUND(10 * 25/12, 0) -> 21 | D52: =SUM(B52,C52) -> 73
A53: Sample3 | B53: =ROUND((SUMA!B53 - 10) * 75/155,0) -> 52 | C53: =ROUND(11 * 25/12, 0) -> 23 | D53: =SUM(B53,C53) -> 75
A54: Sample4 | B54: =ROUND((SUMA!B54 - 10) * 75/155,0) -> 52 | C54: =ROUND(11 * 25/12, 0) -> 23 | D54: =SUM(B54,C54) -> 75
A55: Sample5 | B55: =ROUND((SUMA!B55 - 10) * 75/155,0) -> 60 | C55: =ROUND(11 * 25/12, 0) -> 23 | D55: =SUM(B55,C55) -> 83
A56: [SunoAI] Pathetic film music for orchestra, without choir, f-minor, 80 bpm, 100 seconds
A57: Sample1 | B57: =ROUND((SUMA!B57 - 10) * 75/155,0) -> 57 | C57: =ROUND(10 * 25/12, 0) -> 21 | D57: =SUM(B57,C57) -> 78
A58: Sample2 | B58: =ROUND((SUMA!B58 - 10) * 75/155,0) -> 52 | C58: =ROUND(10 * 25/12, 0) -> 21 | D58: =SUM(B58,C58) -> 73
A59: Sample3 | B59: =ROUND((SUMA!B59 - 10) * 75/155,0) -> 54 | C59: =ROUND(9 * 25/12, 0) -> 19 | D59: =SUM(B59,C59) -> 73
A60: Sample4 | B60: =ROUND((SUMA!B60 - 10) * 75/155,0) -> 55 | C60: =ROUND(9 * 25/12, 0) -> 19 | D60: =SUM(B60,C60) -> 74
A61: Sample5 | B61: =ROUND((SUMA!B61 - 10) * 75/155,0) -> 57 | C61: =ROUND(8 * 25/12, 0) -> 17 | D61: =SUM(B61,C61) -> 74
A62: [SunoAI] Energetic techno, synthesizer, e-minor, 140 bpm, 100 seconds
A63: Sample1 | B63: =ROUND((SUMA!B63 - 10) * 75/155,0) -> 52 | C63: =ROUND(9 * 25/12, 0) -> 19 | D63: =SUM(B63,C63) -> 71
A64: Sample2 | B64: =ROUND((SUMA!B64 - 10) * 75/155,0) -> 47 | C64: =ROUND(6 * 25/12, 0) -> 13 | D64: =SUM(B64,C64) -> 60
A65: Sample3 | B65: =ROUND((SUMA!B65 - 10) * 75/155,0) -> 44 | C65: =ROUND(7 * 25/12, 0) -> 15 | D65: =SUM(B65,C65) -> 59
A66: Sample4 | B66: =ROUND((SUMA!B66 - 10) * 75/155,0) -> 50 | C66: =ROUND(7 * 25/12, 0) -> 15 | D66: =SUM(B66,C66) -> 65
A67: Sample5 | B67: =ROUND((SUMA!B67 - 10) * 75/155,0) -> 48 | C67: =ROUND(8 * 25/12, 0) -> 17 | D67: =SUM(B67,C67) -> 65
A68: [SunoAI] Relaxing lofi with piano, e-major, 100 bpm, 100 seconds
A69: Sample1 | B69: =ROUND((SUMA!B69 - 10) * 75/155,0) -> 51 | C69: =ROUND(11 * 25/12, 0) -> 23 | D69: =SUM(B69,C69) -> 74
A70: Sample2 | B70: =ROUND((SUMA!B70 - 10) * 75/155,0) -> 53 | C70: =ROUND(11 * 25/12, 0) -> 23 | D70: =SUM(B70,C70) -> 76
A71: Sample3 | B71: =ROUND((SUMA!B71 - 10) * 75/155,0) -> 47 | C71: =ROUND(11 * 25/12, 0) -> 23 | D71: =SUM(B71,C71) -> 70
A72: Sample4 | B72: =ROUND((SUMA!B72 - 10) * 75/155,0) -> 50 | C72: =ROUND(10 * 25/12, 0) -> 21 | D72: =SUM(B72,C72) -> 71
A73: Sample5 | B73: =ROUND((SUMA!B73 - 10) * 75/155,0) -> 55 | C73: =ROUND(12 * 25/12, 0) -> 25 | D73: =SUM(B73,C73) -> 80
